number of versions,CADS time,CADS mean input,CADS mean reset,CADS depth,CADS max reset,OMS time,OMS mean input,OMS mean reset,OMS depth,OMS max reset
2,0.011007547378540039,4.0,0.0,4,0,0.0011336803436279297,4.0,0.0,4,0
2,0.010167121887207031,4.0,0.0,4,0,0.0012772083282470703,4.0,0.0,4,0
2,0.010759592056274414,4.0,0.0,4,0,0.0010814666748046875,4.0,0.0,4,0
2,0.01158595085144043,4.0,0.0,4,0,0.001146554946899414,4.0,0.0,4,0
2,0.009621381759643555,4.0,0.0,4,0,0.0010657310485839844,4.0,0.0,4,0
2,0.017395973205566406,4.0,0.0,4,0,0.0010824203491210938,4.0,0.0,4,0
2,0.012692928314208984,4.0,0.0,4,0,0.0013432502746582031,4.0,0.0,4,0
2,0.009845495223999023,4.0,0.0,4,0,0.0009965896606445312,4.0,0.0,4,0
2,0.010218620300292969,4.0,0.0,4,0,0.0010578632354736328,4.0,0.0,4,0
2,0.009825706481933594,4.0,0.0,4,0,0.0012934207916259766,4.0,0.0,4,0
2,0.013425111770629883,4.0,0.0,4,0,0.0010573863983154297,4.0,0.0,4,0
2,0.009875774383544922,4.0,0.0,4,0,0.0010631084442138672,4.0,0.0,4,0
2,0.009810686111450195,4.0,0.0,4,0,0.0010647773742675781,4.0,0.0,4,0
2,0.009556055068969727,4.0,0.0,4,0,0.0012295246124267578,4.0,0.0,4,0
2,0.009960174560546875,4.0,0.0,4,0,0.0012311935424804688,4.0,0.0,4,0
2,0.00982046127319336,4.0,0.0,4,0,0.0010559558868408203,4.0,0.0,4,0
2,0.00958108901977539,4.0,0.0,4,0,0.0013275146484375,4.0,0.0,4,0
2,0.009973526000976562,4.0,0.0,4,0,0.0012974739074707031,4.0,0.0,4,0
2,0.009677410125732422,4.0,0.0,4,0,0.0009403228759765625,4.0,0.0,4,0
2,0.010298967361450195,4.0,0.0,4,0,0.0010600090026855469,4.0,0.0,4,0
2,0.009971380233764648,4.0,0.0,4,0,0.0011048316955566406,4.0,0.0,4,0
2,0.009515762329101562,4.0,0.0,4,0,0.001283884048461914,4.0,0.0,4,0
2,0.009472846984863281,4.0,0.0,4,0,0.001367807388305664,4.0,0.0,4,0
2,0.009633541107177734,4.0,0.0,4,0,0.0009152889251708984,4.0,0.0,4,0
2,0.010746002197265625,4.0,0.0,4,0,0.0012950897216796875,4.0,0.0,4,0
2,0.009641408920288086,4.0,0.0,4,0,0.0009601116180419922,4.0,0.0,4,0
2,0.009238481521606445,4.0,0.0,4,0,0.0009264945983886719,4.0,0.0,4,0
2,0.009900569915771484,4.0,0.0,4,0,0.0009555816650390625,4.0,0.0,4,0
2,0.009666919708251953,4.0,0.0,4,0,0.001119375228881836,4.0,0.0,4,0
2,0.009640693664550781,4.0,0.0,4,0,0.0010287761688232422,4.0,0.0,4,0
2,0.00944209098815918,4.0,0.0,4,0,0.0013344287872314453,4.0,0.0,4,0
2,0.009224891662597656,4.0,0.0,4,0,0.0010073184967041016,4.0,0.0,4,0
2,0.011491060256958008,4.0,0.0,4,0,0.0014843940734863281,4.0,0.0,4,0
2,0.00912785530090332,4.0,0.0,4,0,0.0010826587677001953,4.0,0.0,4,0
2,0.009722232818603516,4.0,0.0,4,0,0.0008916854858398438,4.0,0.0,4,0
2,0.009654521942138672,4.0,0.0,4,0,0.0010173320770263672,4.0,0.0,4,0
2,0.00968480110168457,4.0,0.0,4,0,0.0009627342224121094,4.0,0.0,4,0
2,0.010204315185546875,4.0,0.0,4,0,0.0010209083557128906,4.0,0.0,4,0
2,0.009420394897460938,4.0,0.0,4,0,0.0010020732879638672,4.0,0.0,4,0
2,0.009810209274291992,4.0,0.0,4,0,0.0009911060333251953,4.0,0.0,4,0
2,0.009763717651367188,4.0,0.0,4,0,0.0010766983032226562,4.0,0.0,4,0
2,0.009154558181762695,4.0,0.0,4,0,0.0009684562683105469,4.0,0.0,4,0
2,0.009684085845947266,4.0,0.0,4,0,0.00101470947265625,4.0,0.0,4,0
2,0.009542703628540039,4.0,0.0,4,0,0.0010492801666259766,4.0,0.0,4,0
2,0.010121345520019531,4.0,0.0,4,0,0.0010900497436523438,4.0,0.0,4,0
2,0.009351253509521484,4.0,0.0,4,0,0.0009877681732177734,4.0,0.0,4,0
2,0.009666681289672852,4.0,0.0,4,0,0.0010344982147216797,4.0,0.0,4,0
2,0.00920248031616211,4.0,0.0,4,0,0.001207590103149414,4.0,0.0,4,0
2,0.010026693344116211,4.0,0.0,4,0,0.001247406005859375,4.0,0.0,4,0
2,0.010262250900268555,4.0,0.0,4,0,0.001056671142578125,4.0,0.0,4,0
3,0.028748035430908203,4.0,0.0,5,0,0.001451253890991211,7.0,1.0,7,1
3,0.027480602264404297,4.0,0.0,5,0,0.0015974044799804688,7.0,1.0,7,1
3,0.02873706817626953,4.0,0.0,5,0,0.001695394515991211,7.0,1.0,7,1
3,0.028988361358642578,4.0,0.0,5,0,0.0015459060668945312,7.0,1.0,7,1
3,0.02760148048400879,4.0,0.0,5,0,0.0015876293182373047,7.0,1.0,7,1
3,0.027501583099365234,4.0,0.0,5,0,0.001461029052734375,7.0,1.0,7,1
3,0.027806997299194336,4.0,0.0,5,0,0.0014438629150390625,7.0,1.0,7,1
3,0.02752065658569336,4.0,0.0,5,0,0.001486063003540039,7.0,1.0,7,1
3,0.027227163314819336,4.0,0.0,5,0,0.0017781257629394531,7.0,1.0,7,1
3,0.02796626091003418,4.0,0.0,5,0,0.001628875732421875,7.0,1.0,7,1
3,0.028781414031982422,4.0,0.0,5,0,0.0015227794647216797,7.0,1.0,7,1
3,0.02811431884765625,4.0,0.0,5,0,0.0017547607421875,7.0,1.0,7,1
3,0.03087782859802246,4.0,0.0,5,0,0.001753091812133789,7.0,1.0,7,1
3,0.02754974365234375,4.0,0.0,5,0,0.0014755725860595703,7.0,1.0,7,1
3,0.027598857879638672,4.0,0.0,5,0,0.0016319751739501953,7.0,1.0,7,1
3,0.027608156204223633,4.0,0.0,5,0,0.001481771469116211,7.0,1.0,7,1
3,0.028141260147094727,4.0,0.0,5,0,0.001554727554321289,7.0,1.0,7,1
3,0.028235673904418945,4.0,0.0,5,0,0.0016303062438964844,7.0,1.0,7,1
3,0.02785515785217285,4.0,0.0,5,0,0.0019075870513916016,7.0,1.0,7,1
3,0.027932405471801758,4.0,0.0,5,0,0.001729726791381836,7.0,1.0,7,1
3,0.031829118728637695,4.0,0.0,5,0,0.0014495849609375,7.0,1.0,7,1
3,0.030115604400634766,4.0,0.0,5,0,0.0016398429870605469,7.0,1.0,7,1
3,0.028035402297973633,4.0,0.0,5,0,0.0015900135040283203,7.0,1.0,7,1
3,0.0283200740814209,4.0,0.0,5,0,0.0017118453979492188,7.0,1.0,7,1
3,0.027975797653198242,4.0,0.0,5,0,0.0014040470123291016,7.0,1.0,7,1
3,0.02800607681274414,4.0,0.0,5,0,0.0016431808471679688,7.0,1.0,7,1
3,0.028204679489135742,4.0,0.0,5,0,0.0016679763793945312,7.0,1.0,7,1
3,0.028085947036743164,4.0,0.0,5,0,0.0015244483947753906,7.0,1.0,7,1
3,0.028139114379882812,4.0,0.0,5,0,0.00141143798828125,7.0,1.0,7,1
3,0.027230262756347656,4.0,0.0,5,0,0.001958608627319336,7.0,1.0,7,1
3,0.027482271194458008,4.0,0.0,5,0,0.0017299652099609375,7.0,1.0,7,1
3,0.027945280075073242,4.0,0.0,5,0,0.002328634262084961,7.0,1.0,7,1
3,0.0272519588470459,4.0,0.0,5,0,0.0015668869018554688,7.0,1.0,7,1
3,0.028682231903076172,4.0,0.0,5,0,0.0015342235565185547,7.0,1.0,7,1
3,0.028167724609375,4.0,0.0,5,0,0.0018892288208007812,7.0,1.0,7,1
3,0.028827667236328125,4.0,0.0,5,0,0.0016660690307617188,7.0,1.0,7,1
3,0.028027772903442383,4.0,0.0,5,0,0.001482248306274414,7.0,1.0,7,1
3,0.027834415435791016,4.0,0.0,5,0,0.0017337799072265625,7.0,1.0,7,1
3,0.027411460876464844,4.0,0.0,5,0,0.0016071796417236328,7.0,1.0,7,1
3,0.027949094772338867,4.0,0.0,5,0,0.0014798641204833984,7.0,1.0,7,1
3,0.027524471282958984,4.0,0.0,5,0,0.001971006393432617,7.0,1.0,7,1
3,0.0289762020111084,4.0,0.0,5,0,0.0013382434844970703,7.0,1.0,7,1
3,0.02769327163696289,4.0,0.0,5,0,0.0015411376953125,7.0,1.0,7,1
3,0.027331829071044922,4.0,0.0,5,0,0.001565694808959961,7.0,1.0,7,1
3,0.028080224990844727,4.0,0.0,5,0,0.001453399658203125,7.0,1.0,7,1
3,0.030664920806884766,4.0,0.0,5,0,0.001695394515991211,7.0,1.0,7,1
3,0.028560638427734375,4.0,0.0,5,0,0.0015892982482910156,7.0,1.0,7,1
3,0.028581619262695312,4.0,0.0,5,0,0.0018968582153320312,7.0,1.0,7,1
3,0.02761530876159668,4.0,0.0,5,0,0.001458883285522461,7.0,1.0,7,1
3,0.0271909236907959,4.0,0.0,5,0,0.0014100074768066406,7.0,1.0,7,1
4,0.03069281578063965,3.5,0.0,5,0,0.0018970966339111328,7.0,1.0,7,1
4,0.03119373321533203,3.5,0.0,5,0,0.001964092254638672,7.0,1.0,7,1
4,0.030966520309448242,3.5,0.0,5,0,0.0018243789672851562,7.0,1.0,7,1
4,0.03083634376525879,3.5,0.0,5,0,0.0016720294952392578,7.0,1.0,7,1
4,0.030913591384887695,3.5,0.0,5,0,0.001787424087524414,7.0,1.0,7,1
4,0.03072500228881836,3.5,0.0,5,0,0.0017631053924560547,7.0,1.0,7,1
4,0.031218528747558594,3.5,0.0,5,0,0.0016317367553710938,7.0,1.0,7,1
4,0.03147768974304199,3.5,0.0,5,0,0.0018076896667480469,7.0,1.0,7,1
4,0.030895233154296875,3.5,0.0,5,0,0.0018880367279052734,7.0,1.0,7,1
4,0.03051447868347168,3.5,0.0,5,0,0.0016262531280517578,7.0,1.0,7,1
4,0.03110671043395996,3.5,0.0,5,0,0.0022161006927490234,7.0,1.0,7,1
4,0.0307314395904541,3.5,0.0,5,0,0.0017197132110595703,7.0,1.0,7,1
4,0.030971527099609375,3.5,0.0,5,0,0.001684427261352539,7.0,1.0,7,1
4,0.03054952621459961,3.5,0.0,5,0,0.0017476081848144531,7.0,1.0,7,1
4,0.03143906593322754,3.5,0.0,5,0,0.002006053924560547,7.0,1.0,7,1
4,0.03161168098449707,3.5,0.0,5,0,0.0016629695892333984,7.0,1.0,7,1
4,0.03087759017944336,3.5,0.0,5,0,0.0017852783203125,7.0,1.0,7,1
4,0.031046628952026367,3.5,0.0,5,0,0.0013892650604248047,7.0,1.0,7,1
4,0.030832290649414062,3.5,0.0,5,0,0.0015997886657714844,7.0,1.0,7,1
4,0.031249523162841797,3.5,0.0,5,0,0.0016946792602539062,7.0,1.0,7,1
4,0.0311739444732666,3.5,0.0,5,0,0.0019199848175048828,7.0,1.0,7,1
4,0.031233787536621094,3.5,0.0,5,0,0.002022981643676758,7.0,1.0,7,1
4,0.032572269439697266,3.5,0.0,5,0,0.0018486976623535156,7.0,1.0,7,1
4,0.03152656555175781,3.5,0.0,5,0,0.0016644001007080078,7.0,1.0,7,1
4,0.033510684967041016,3.5,0.0,5,0,0.002179861068725586,7.0,1.0,7,1
4,0.03092336654663086,3.5,0.0,5,0,0.0016090869903564453,7.0,1.0,7,1
4,0.03329062461853027,3.5,0.0,5,0,0.0015976428985595703,7.0,1.0,7,1
4,0.031148195266723633,3.5,0.0,5,0,0.0018200874328613281,7.0,1.0,7,1
4,0.031067609786987305,3.5,0.0,5,0,0.0018684864044189453,7.0,1.0,7,1
4,0.03151559829711914,3.5,0.0,5,0,0.0017976760864257812,7.0,1.0,7,1
4,0.03095078468322754,3.5,0.0,5,0,0.0015025138854980469,7.0,1.0,7,1
4,0.03196978569030762,3.5,0.0,5,0,0.002087116241455078,7.0,1.0,7,1
4,0.031232118606567383,3.5,0.0,5,0,0.0016188621520996094,7.0,1.0,7,1
4,0.031111478805541992,3.5,0.0,5,0,0.0018649101257324219,7.0,1.0,7,1
4,0.030948162078857422,3.5,0.0,5,0,0.001611948013305664,7.0,1.0,7,1
4,0.03055286407470703,3.5,0.0,5,0,0.0018756389617919922,7.0,1.0,7,1
4,0.030644893646240234,3.5,0.0,5,0,0.001863718032836914,7.0,1.0,7,1
4,0.03284573554992676,3.5,0.0,5,0,0.0017697811126708984,7.0,1.0,7,1
4,0.031018733978271484,3.5,0.0,5,0,0.0016565322875976562,7.0,1.0,7,1
4,0.03074812889099121,3.5,0.0,5,0,0.0018856525421142578,7.0,1.0,7,1
4,0.031141996383666992,3.5,0.0,5,0,0.0018651485443115234,7.0,1.0,7,1
4,0.03151369094848633,3.5,0.0,5,0,0.0017621517181396484,7.0,1.0,7,1
4,0.030847787857055664,3.5,0.0,5,0,0.0016739368438720703,7.0,1.0,7,1
4,0.0313718318939209,3.5,0.0,5,0,0.0016837120056152344,7.0,1.0,7,1
4,0.030458450317382812,3.5,0.0,5,0,0.0015408992767333984,7.0,1.0,7,1
4,0.03123760223388672,3.5,0.0,5,0,0.0018339157104492188,7.0,1.0,7,1
4,0.0311434268951416,3.5,0.0,5,0,0.001743316650390625,7.0,1.0,7,1
4,0.03127241134643555,3.5,0.0,5,0,0.0017731189727783203,7.0,1.0,7,1
4,0.030885934829711914,3.5,0.0,5,0,0.0016782283782958984,7.0,1.0,7,1
4,0.03126263618469238,3.5,0.0,5,0,0.0016736984252929688,7.0,1.0,7,1
5,0.06687021255493164,3.8,0.0,6,0,0.002714872360229492,11.0,2.0,11,2
5,0.06783461570739746,3.8,0.0,6,0,0.0045812129974365234,11.0,2.0,11,2
5,0.06689119338989258,3.8,0.0,6,0,0.0027418136596679688,11.0,2.0,11,2
5,0.06780815124511719,3.8,0.0,6,0,0.0028526782989501953,11.0,2.0,11,2
5,0.06721854209899902,3.8,0.0,6,0,0.0028412342071533203,11.0,2.0,11,2
5,0.06830906867980957,3.8,0.0,6,0,0.002465963363647461,11.0,2.0,11,2
5,0.06681203842163086,3.8,0.0,6,0,0.0026297569274902344,11.0,2.0,11,2
5,0.06763792037963867,3.8,0.0,6,0,0.002404928207397461,8.0,1.0,8,1
5,0.06761646270751953,3.8,0.0,6,0,0.003314971923828125,11.0,2.0,11,2
5,0.06702136993408203,3.8,0.0,6,0,0.0026140213012695312,11.0,2.0,11,2
5,0.06911945343017578,3.8,0.0,6,0,0.0030546188354492188,11.0,2.0,11,2
5,0.06652450561523438,3.8,0.0,6,0,0.0029556751251220703,11.0,2.0,11,2
5,0.07065653800964355,3.8,0.0,6,0,0.0029833316802978516,11.0,2.0,11,2
5,0.06714820861816406,3.8,0.0,6,0,0.002968311309814453,11.0,2.0,11,2
5,0.06588029861450195,3.8,0.0,6,0,0.003259897232055664,11.0,2.0,11,2
5,0.06717324256896973,3.8,0.0,6,0,0.0026586055755615234,11.0,2.0,11,2
5,0.06896853446960449,3.8,0.0,6,0,0.0021729469299316406,8.0,1.0,8,1
5,0.0662834644317627,3.8,0.0,6,0,0.002927541732788086,11.0,2.0,11,2
5,0.06623077392578125,3.8,0.0,6,0,0.002808809280395508,11.0,2.0,11,2
5,0.06753182411193848,3.8,0.0,6,0,0.0027663707733154297,11.0,2.0,11,2
5,0.06831574440002441,3.8,0.0,6,0,0.0026862621307373047,11.0,2.0,11,2
5,0.06702375411987305,3.8,0.0,6,0,0.0023107528686523438,8.0,1.0,8,1
5,0.06710433959960938,3.8,0.0,6,0,0.002392292022705078,11.0,2.0,11,2
5,0.0669395923614502,3.8,0.0,6,0,0.0025882720947265625,11.0,2.0,11,2
5,0.0696570873260498,3.8,0.0,6,0,0.0029642581939697266,11.0,2.0,11,2
5,0.0709993839263916,3.8,0.0,6,0,0.002394437789916992,8.0,1.0,8,1
5,0.06672906875610352,3.8,0.0,6,0,0.0028743743896484375,8.0,1.0,8,1
5,0.08248138427734375,3.8,0.0,6,0,0.0041735172271728516,11.0,2.0,11,2
5,0.07604837417602539,3.8,0.0,6,0,0.0029039382934570312,11.0,2.0,11,2
5,0.0743551254272461,3.8,0.0,6,0,0.0034148693084716797,11.0,2.0,11,2
5,0.08108162879943848,3.8,0.0,6,0,0.0031418800354003906,11.0,2.0,11,2
5,0.08089113235473633,3.8,0.0,6,0,0.004256248474121094,11.0,2.0,11,2
5,0.0789499282836914,3.8,0.0,6,0,0.003610849380493164,11.0,2.0,11,2
5,0.1034543514251709,3.8,0.0,6,0,0.0026559829711914062,8.0,1.0,8,1
5,0.10037541389465332,3.8,0.0,6,0,0.010752439498901367,11.0,2.0,11,2
5,0.07536625862121582,3.8,0.0,6,0,0.0027010440826416016,11.0,2.0,11,2
5,0.06682205200195312,3.8,0.0,6,0,0.0032045841217041016,11.0,2.0,11,2
5,0.08268523216247559,3.8,0.0,6,0,0.002579212188720703,8.0,1.0,8,1
5,0.06736040115356445,3.8,0.0,6,0,0.0027458667755126953,11.0,2.0,11,2
5,0.06814336776733398,3.8,0.0,6,0,0.0029571056365966797,11.0,2.0,11,2
5,0.0715787410736084,3.8,0.0,6,0,0.010378599166870117,11.0,2.0,11,2
5,0.0708768367767334,3.8,0.0,6,0,0.0026025772094726562,11.0,2.0,11,2
5,0.06754231452941895,3.8,0.0,6,0,0.0026361942291259766,11.0,2.0,11,2
5,0.07064557075500488,3.8,0.0,6,0,0.0023915767669677734,8.0,1.0,8,1
5,0.07950520515441895,3.8,0.0,6,0,0.0028133392333984375,11.0,2.0,11,2
5,0.07198691368103027,3.8,0.0,6,0,0.003317594528198242,11.0,2.0,11,2
5,0.07245898246765137,3.8,0.0,6,0,0.0027518272399902344,11.0,2.0,11,2
5,0.06794309616088867,3.8,0.0,6,0,0.003028392791748047,11.0,2.0,11,2
5,0.0674598217010498,3.8,0.0,6,0,0.0025260448455810547,11.0,2.0,11,2
5,0.06716656684875488,3.8,0.0,6,0,0.0029485225677490234,11.0,2.0,11,2
6,0.12630772590637207,7.0,0.8333333333333334,10,1,0.0041310787200927734,15.0,3.0,15,3
6,0.13012385368347168,7.0,0.8333333333333334,10,1,0.0033462047576904297,12.0,2.0,12,2
6,0.1262810230255127,7.0,0.8333333333333334,10,1,0.003863811492919922,15.0,3.0,15,3
6,0.12449884414672852,7.0,0.8333333333333334,10,1,0.003677845001220703,15.0,3.0,15,3
6,0.12633657455444336,7.0,0.8333333333333334,10,1,0.0033943653106689453,12.0,2.0,12,2
6,0.1268312931060791,7.0,0.8333333333333334,10,1,0.004526376724243164,15.0,3.0,15,3
6,0.14723801612854004,7.0,0.8333333333333334,10,1,0.004290342330932617,15.0,3.0,15,3
6,0.12323331832885742,7.0,0.8333333333333334,10,1,0.004665851593017578,15.0,3.0,15,3
6,0.12402987480163574,7.0,0.8333333333333334,10,1,0.0040552616119384766,15.0,3.0,15,3
6,0.1239161491394043,7.0,0.8333333333333334,10,1,0.003467559814453125,12.0,2.0,12,2
6,0.1298365592956543,7.0,0.8333333333333334,10,1,0.003984928131103516,15.0,3.0,15,3
6,0.12296247482299805,7.0,0.8333333333333334,10,1,0.0033168792724609375,12.0,2.0,12,2
6,0.12725162506103516,7.0,0.8333333333333334,10,1,0.004254341125488281,15.0,3.0,15,3
6,0.12281942367553711,7.0,0.8333333333333334,10,1,0.0038003921508789062,15.0,3.0,15,3
6,0.12461209297180176,7.0,0.8333333333333334,10,1,0.0035173892974853516,12.0,2.0,12,2
6,0.12333154678344727,7.0,0.8333333333333334,10,1,0.003283977508544922,12.0,2.0,12,2
6,0.12447619438171387,7.0,0.8333333333333334,10,1,0.004005908966064453,15.0,3.0,15,3
6,0.1242823600769043,7.0,0.8333333333333334,10,1,0.003760099411010742,15.0,3.0,15,3
6,0.12228798866271973,7.0,0.8333333333333334,10,1,0.003780841827392578,15.0,3.0,15,3
6,0.1245880126953125,7.0,0.8333333333333334,10,1,0.004435300827026367,15.0,3.0,15,3
6,0.1229860782623291,7.0,0.8333333333333334,10,1,0.0031349658966064453,12.0,2.0,12,2
6,0.12442398071289062,7.0,0.8333333333333334,10,1,0.004576683044433594,15.0,3.0,15,3
6,0.12730121612548828,7.0,0.8333333333333334,10,1,0.0029909610748291016,12.0,2.0,12,2
6,0.12291812896728516,7.0,0.8333333333333334,10,1,0.003965139389038086,15.0,3.0,15,3
6,0.1324775218963623,7.0,0.8333333333333334,10,1,0.004454612731933594,15.0,3.0,15,3
6,0.12416982650756836,7.0,0.8333333333333334,10,1,0.004029512405395508,15.0,3.0,15,3
6,0.12404870986938477,7.0,0.8333333333333334,10,1,0.0041046142578125,15.0,3.0,15,3
6,0.12401461601257324,7.0,0.8333333333333334,10,1,0.0038678646087646484,15.0,3.0,15,3
6,0.12219882011413574,7.0,0.8333333333333334,10,1,0.004229307174682617,15.0,3.0,15,3
6,0.12796473503112793,7.0,0.8333333333333334,10,1,0.0037260055541992188,15.0,3.0,15,3
6,0.12357187271118164,7.0,0.8333333333333334,10,1,0.0037543773651123047,15.0,3.0,15,3
6,0.12564611434936523,7.0,0.8333333333333334,10,1,0.004291534423828125,15.0,3.0,15,3
6,0.12093853950500488,7.0,0.8333333333333334,10,1,0.004534244537353516,15.0,3.0,15,3
6,0.12262535095214844,7.0,0.8333333333333334,10,1,0.0032050609588623047,12.0,2.0,12,2
6,0.12338614463806152,7.0,0.8333333333333334,10,1,0.0041904449462890625,15.0,3.0,15,3
6,0.12470436096191406,7.0,0.8333333333333334,10,1,0.0037260055541992188,15.0,3.0,15,3
6,0.12703824043273926,7.0,0.8333333333333334,10,1,0.0038099288940429688,15.0,3.0,15,3
6,0.12412047386169434,7.0,0.8333333333333334,10,1,0.0038330554962158203,15.0,3.0,15,3
6,0.12392234802246094,7.0,0.8333333333333334,10,1,0.003298521041870117,12.0,2.0,12,2
6,0.1271495819091797,7.0,0.8333333333333334,10,1,0.004618167877197266,15.0,3.0,15,3
6,0.12247061729431152,7.0,0.8333333333333334,10,1,0.0032465457916259766,12.0,2.0,12,2
6,0.12310457229614258,7.0,0.8333333333333334,10,1,0.004311800003051758,15.0,3.0,15,3
6,0.12527775764465332,7.0,0.8333333333333334,10,1,0.0042912960052490234,15.0,3.0,15,3
6,0.12765836715698242,7.0,0.8333333333333334,10,1,0.0043947696685791016,12.0,2.0,12,2
6,0.12381911277770996,7.0,0.8333333333333334,10,1,0.0037200450897216797,15.0,3.0,15,3
6,0.12603974342346191,7.0,0.8333333333333334,10,1,0.0038216114044189453,12.0,2.0,12,2
6,0.12351489067077637,7.0,0.8333333333333334,10,1,0.004307985305786133,15.0,3.0,15,3
6,0.12421798706054688,7.0,0.8333333333333334,10,1,0.0032219886779785156,12.0,2.0,12,2
6,0.1264941692352295,7.0,0.8333333333333334,10,1,0.003966331481933594,15.0,3.0,15,3
6,0.12356281280517578,7.0,0.8333333333333334,10,1,0.0046122074127197266,15.0,3.0,15,3
7,0.17923784255981445,6.285714285714286,0.7142857142857143,10,1,0.004936933517456055,18.0,4.0,18,4
7,0.17722725868225098,6.285714285714286,0.7142857142857143,10,1,0.0038754940032958984,15.0,3.0,15,3
7,0.17760729789733887,6.285714285714286,0.7142857142857143,10,1,0.00529932975769043,18.0,4.0,18,4
7,0.18007636070251465,6.285714285714286,0.7142857142857143,10,1,0.004644870758056641,18.0,4.0,18,4
7,0.17746877670288086,6.285714285714286,0.7142857142857143,10,1,0.004055976867675781,15.0,3.0,15,3
7,0.18127799034118652,6.285714285714286,0.7142857142857143,10,1,0.0039327144622802734,12.0,2.0,12,2
7,0.18260478973388672,6.285714285714286,0.7142857142857143,10,1,0.003547191619873047,12.0,2.0,12,2
7,0.1746068000793457,6.285714285714286,0.7142857142857143,10,1,0.004393577575683594,15.0,3.0,15,3
7,0.17771506309509277,6.285714285714286,0.7142857142857143,10,1,0.004224061965942383,15.0,3.0,15,3
7,0.1821303367614746,6.285714285714286,0.7142857142857143,10,1,0.005426645278930664,18.0,4.0,18,4
7,0.17436981201171875,6.285714285714286,0.7142857142857143,10,1,0.005054473876953125,18.0,4.0,18,4
7,0.1792924404144287,6.285714285714286,0.7142857142857143,10,1,0.004571437835693359,18.0,4.0,18,4
7,0.1829061508178711,6.285714285714286,0.7142857142857143,10,1,0.003984212875366211,15.0,3.0,15,3
7,0.17803597450256348,6.285714285714286,0.7142857142857143,10,1,0.00549626350402832,18.0,4.0,18,4
7,0.1772301197052002,6.285714285714286,0.7142857142857143,10,1,0.0034148693084716797,12.0,2.0,12,2
7,0.1805567741394043,6.285714285714286,0.7142857142857143,10,1,0.004323482513427734,15.0,3.0,15,3
7,0.17447137832641602,6.285714285714286,0.7142857142857143,10,1,0.0047588348388671875,18.0,4.0,18,4
7,0.17644524574279785,6.285714285714286,0.7142857142857143,10,1,0.0052640438079833984,15.0,3.0,15,3
7,0.21892762184143066,6.285714285714286,0.7142857142857143,10,1,0.005687713623046875,18.0,4.0,18,4
7,0.19248294830322266,6.285714285714286,0.7142857142857143,10,1,0.004361867904663086,15.0,3.0,15,3
7,0.19036078453063965,6.285714285714286,0.7142857142857143,10,1,0.004406452178955078,18.0,4.0,18,4
7,0.18266654014587402,6.285714285714286,0.7142857142857143,10,1,0.004383087158203125,15.0,3.0,15,3
7,0.17772316932678223,6.285714285714286,0.7142857142857143,10,1,0.003321409225463867,12.0,2.0,12,2
7,0.17552876472473145,6.285714285714286,0.7142857142857143,10,1,0.003954887390136719,15.0,3.0,15,3
7,0.18150758743286133,6.285714285714286,0.7142857142857143,10,1,0.004531145095825195,18.0,4.0,18,4
7,0.17746901512145996,6.285714285714286,0.7142857142857143,10,1,0.00429844856262207,15.0,3.0,15,3
7,0.1772139072418213,6.285714285714286,0.7142857142857143,10,1,0.004297018051147461,15.0,3.0,15,3
7,0.18104958534240723,6.285714285714286,0.7142857142857143,10,1,0.0049440860748291016,18.0,4.0,18,4
7,0.17802667617797852,6.285714285714286,0.7142857142857143,10,1,0.004816532135009766,18.0,4.0,18,4
7,0.18106937408447266,6.285714285714286,0.7142857142857143,10,1,0.005582571029663086,18.0,4.0,18,4
7,0.18183255195617676,6.285714285714286,0.7142857142857143,10,1,0.00549769401550293,18.0,4.0,18,4
7,0.18098974227905273,6.285714285714286,0.7142857142857143,10,1,0.004615068435668945,18.0,4.0,18,4
7,0.17726659774780273,6.285714285714286,0.7142857142857143,10,1,0.0044097900390625,15.0,3.0,15,3
7,0.18306875228881836,6.285714285714286,0.7142857142857143,10,1,0.004122018814086914,15.0,3.0,15,3
7,0.1762378215789795,6.285714285714286,0.7142857142857143,10,1,0.004477024078369141,15.0,3.0,15,3
7,0.17886948585510254,6.285714285714286,0.7142857142857143,10,1,0.004626274108886719,18.0,4.0,18,4
7,0.18133139610290527,6.285714285714286,0.7142857142857143,10,1,0.004915714263916016,18.0,4.0,18,4
7,0.17769598960876465,6.285714285714286,0.7142857142857143,10,1,0.0047986507415771484,15.0,3.0,15,3
7,0.17877435684204102,6.285714285714286,0.7142857142857143,10,1,0.004655361175537109,18.0,4.0,18,4
7,0.17817473411560059,6.285714285714286,0.7142857142857143,10,1,0.004636526107788086,18.0,4.0,18,4
7,0.17592144012451172,6.285714285714286,0.7142857142857143,10,1,0.005011796951293945,15.0,3.0,15,3
7,0.18408703804016113,6.285714285714286,0.7142857142857143,10,1,0.004986286163330078,18.0,4.0,18,4
7,0.1791999340057373,6.285714285714286,0.7142857142857143,10,1,0.0044023990631103516,15.0,3.0,15,3
7,0.19612598419189453,6.285714285714286,0.7142857142857143,10,1,0.004952192306518555,15.0,3.0,15,3
7,0.18251419067382812,6.285714285714286,0.7142857142857143,10,1,0.0038645267486572266,12.0,2.0,12,2
7,0.17524242401123047,6.285714285714286,0.7142857142857143,10,1,0.004438877105712891,15.0,3.0,15,3
7,0.17853403091430664,6.285714285714286,0.7142857142857143,10,1,0.005340099334716797,18.0,4.0,18,4
7,0.18117260932922363,6.285714285714286,0.7142857142857143,10,1,0.003982067108154297,15.0,3.0,15,3
7,0.1770632266998291,6.285714285714286,0.7142857142857143,10,1,0.004271268844604492,15.0,3.0,15,3
7,0.17872381210327148,6.285714285714286,0.7142857142857143,10,1,0.005341053009033203,18.0,4.0,18,4
8,0.27657294273376465,6.75,0.875,10,1,0.006309032440185547,22.0,5.0,22,5
8,0.2656574249267578,10.375,1.5,15,2,0.006323814392089844,22.0,5.0,22,5
8,0.2958846092224121,9.375,1.5,14,2,0.0059239864349365234,22.0,5.0,22,5
8,0.26709914207458496,10.375,1.5,15,2,0.00677943229675293,22.0,5.0,22,5
8,0.270693302154541,9.375,1.5,14,2,0.00625300407409668,22.0,5.0,22,5
8,0.2700376510620117,10.375,1.5,15,2,0.005910634994506836,22.0,5.0,22,5
8,0.26653265953063965,10.375,1.5,15,2,0.0063936710357666016,22.0,5.0,22,5
8,0.266343355178833,9.375,1.5,14,2,0.006338834762573242,22.0,5.0,22,5
8,0.270402193069458,9.375,1.5,14,2,0.007203817367553711,22.0,5.0,22,5
8,0.2698686122894287,9.375,1.5,14,2,0.006234884262084961,22.0,5.0,22,5
8,0.265625,9.375,1.5,14,2,0.006120204925537109,22.0,5.0,22,5
8,0.29592108726501465,9.375,1.5,14,2,0.00620579719543457,22.0,5.0,22,5
8,0.26610279083251953,9.375,1.5,14,2,0.005831241607666016,19.0,4.0,19,4
8,0.2753102779388428,9.375,1.5,14,2,0.006173372268676758,22.0,5.0,22,5
8,0.2724630832672119,10.375,1.5,15,2,0.005963563919067383,19.0,4.0,19,4
8,0.2697005271911621,9.375,1.5,14,2,0.00565648078918457,19.0,4.0,19,4
8,0.27045249938964844,6.75,0.875,10,1,0.005624532699584961,22.0,5.0,22,5
8,0.2779276371002197,9.375,1.5,14,2,0.005827426910400391,19.0,4.0,19,4
8,0.26619410514831543,6.75,0.875,10,1,0.00607752799987793,22.0,5.0,22,5
8,0.26595139503479004,9.375,1.5,14,2,0.0054166316986083984,19.0,4.0,19,4
8,0.2677950859069824,6.75,0.875,10,1,0.006289243698120117,22.0,5.0,22,5
8,0.2716085910797119,9.375,1.5,14,2,0.005251169204711914,16.0,3.0,16,3
8,0.27148962020874023,9.375,1.5,14,2,0.006154537200927734,22.0,5.0,22,5
8,0.2668790817260742,9.375,1.5,14,2,0.006116390228271484,22.0,5.0,22,5
8,0.2656893730163574,9.375,1.5,14,2,0.006071805953979492,19.0,4.0,19,4
8,0.27033448219299316,9.375,1.5,14,2,0.006216764450073242,22.0,5.0,22,5
8,0.3032033443450928,7.0,0.875,10,1,0.005797386169433594,19.0,4.0,19,4
8,0.2665562629699707,10.375,1.5,15,2,0.006499767303466797,22.0,5.0,22,5
8,0.26802563667297363,9.375,1.5,14,2,0.006555080413818359,19.0,4.0,19,4
8,0.26844000816345215,9.375,1.5,14,2,0.0058591365814208984,19.0,4.0,19,4
8,0.2723376750946045,6.75,0.875,10,1,0.00659632682800293,22.0,5.0,22,5
8,0.269212007522583,6.75,0.875,10,1,0.005665779113769531,19.0,4.0,19,4
8,0.29492926597595215,6.75,0.875,10,1,0.0066640377044677734,22.0,5.0,22,5
8,0.2670280933380127,9.375,1.5,14,2,0.006047725677490234,22.0,5.0,22,5
8,0.27835965156555176,6.75,0.875,10,1,0.005311489105224609,19.0,4.0,19,4
8,0.2671658992767334,9.375,1.5,14,2,0.006045818328857422,22.0,5.0,22,5
8,0.2667093276977539,6.75,0.875,10,1,0.006036996841430664,19.0,4.0,19,4
8,0.27057313919067383,9.375,1.5,14,2,0.005852460861206055,19.0,4.0,19,4
8,0.3000931739807129,9.375,1.5,14,2,0.0065233707427978516,19.0,4.0,19,4
8,0.3009023666381836,10.375,1.5,15,2,0.006142854690551758,22.0,5.0,22,5
8,0.26596760749816895,6.75,0.875,10,1,0.006575107574462891,22.0,5.0,22,5
8,0.2962830066680908,9.375,1.5,14,2,0.005460023880004883,19.0,4.0,19,4
8,0.27118754386901855,9.375,1.5,14,2,0.007485151290893555,22.0,5.0,22,5
8,0.2748570442199707,9.375,1.5,14,2,0.004745960235595703,16.0,3.0,16,3
8,0.2959151268005371,7.0,0.875,10,1,0.0064487457275390625,22.0,5.0,22,5
8,0.26727294921875,10.375,1.5,15,2,0.005579233169555664,19.0,4.0,19,4
8,0.30154919624328613,9.375,1.5,14,2,0.007511138916015625,22.0,5.0,22,5
8,0.2699260711669922,6.75,0.875,10,1,0.005977630615234375,19.0,4.0,19,4
8,0.29810214042663574,9.375,1.5,14,2,0.0064928531646728516,22.0,5.0,22,5
8,0.2646307945251465,9.375,1.5,14,2,0.005471706390380859,19.0,4.0,19,4
9,0.491196870803833,9.333333333333334,1.5555555555555556,14,2,0.006715059280395508,25.0,6.0,25,6
9,0.5399012565612793,11.222222222222221,2.2222222222222223,17,3,0.0076618194580078125,25.0,6.0,25,6
9,0.49086928367614746,9.333333333333334,1.5555555555555556,14,2,0.006677150726318359,22.0,5.0,22,5
9,0.49125099182128906,7.333333333333333,1.1111111111111112,10,2,0.007520437240600586,25.0,6.0,25,6
9,0.5349175930023193,10.333333333333334,1.5555555555555556,15,2,0.00702977180480957,22.0,5.0,22,5
9,0.49022912979125977,9.333333333333334,1.5555555555555556,14,2,0.0075337886810302734,25.0,6.0,25,6
9,0.5417604446411133,9.333333333333334,1.5555555555555556,14,2,0.006941318511962891,25.0,6.0,25,6
9,0.4884302616119385,7.333333333333333,1.1111111111111112,10,2,0.007769584655761719,25.0,6.0,25,6
9,0.48790454864501953,11.222222222222221,2.2222222222222223,17,3,0.007121562957763672,25.0,6.0,25,6
9,0.48723554611206055,10.333333333333334,1.5555555555555556,15,2,0.006537199020385742,22.0,5.0,22,5
9,0.47948336601257324,7.333333333333333,1.1111111111111112,10,2,0.0069468021392822266,25.0,6.0,25,6
9,0.4911925792694092,7.333333333333333,1.1111111111111112,10,2,0.008241415023803711,25.0,6.0,25,6
9,0.4836134910583496,7.333333333333333,1.1111111111111112,10,2,0.006971120834350586,25.0,6.0,25,6
9,0.48252010345458984,9.333333333333334,1.5555555555555556,14,2,0.0072405338287353516,25.0,6.0,25,6
9,0.4925062656402588,10.333333333333334,1.5555555555555556,15,2,0.0077855587005615234,25.0,6.0,25,6
9,0.4879646301269531,9.333333333333334,1.5555555555555556,14,2,0.006436824798583984,22.0,5.0,22,5
9,0.5376553535461426,9.333333333333334,1.5555555555555556,14,2,0.007010221481323242,25.0,6.0,25,6
9,0.488755464553833,11.222222222222221,2.2222222222222223,17,3,0.006985664367675781,25.0,6.0,25,6
9,0.5325660705566406,7.666666666666667,1.1111111111111112,10,2,0.007884979248046875,25.0,6.0,25,6
9,0.4870166778564453,9.333333333333334,1.5555555555555556,14,2,0.007672309875488281,25.0,6.0,25,6
9,0.5296590328216553,9.333333333333334,1.5555555555555556,14,2,0.007249116897583008,25.0,6.0,25,6
9,0.49462199211120605,10.333333333333334,1.5555555555555556,15,2,0.0074596405029296875,25.0,6.0,25,6
9,0.49092912673950195,9.333333333333334,1.5555555555555556,14,2,0.006844043731689453,25.0,6.0,25,6
9,0.48740291595458984,7.333333333333333,1.1111111111111112,10,2,0.0058743953704833984,22.0,5.0,22,5
9,0.5369057655334473,9.333333333333334,1.5555555555555556,14,2,0.007580757141113281,25.0,6.0,25,6
9,0.4845731258392334,7.333333333333333,1.1111111111111112,10,2,0.006769657135009766,22.0,5.0,22,5
9,0.5398852825164795,9.333333333333334,1.5555555555555556,14,2,0.0065762996673583984,22.0,5.0,22,5
9,0.48276734352111816,9.333333333333334,1.5555555555555556,14,2,0.005952358245849609,19.0,4.0,19,4
9,0.4848487377166748,10.333333333333334,1.5555555555555556,15,2,0.0064907073974609375,22.0,5.0,22,5
9,0.480363130569458,10.333333333333334,1.5555555555555556,15,2,0.007110595703125,25.0,6.0,25,6
9,0.5345637798309326,11.222222222222221,2.2222222222222223,17,3,0.0070018768310546875,25.0,6.0,25,6
9,0.48662447929382324,9.333333333333334,1.5555555555555556,14,2,0.00686192512512207,22.0,5.0,22,5
9,0.5263216495513916,10.333333333333334,1.5555555555555556,15,2,0.007422447204589844,25.0,6.0,25,6
9,0.48340916633605957,9.333333333333334,1.5555555555555556,14,2,0.005968332290649414,22.0,5.0,22,5
9,0.5295984745025635,9.333333333333334,1.5555555555555556,14,2,0.007851362228393555,25.0,6.0,25,6
9,0.5316364765167236,9.333333333333334,1.5555555555555556,14,2,0.0076372623443603516,25.0,6.0,25,6
9,0.4833204746246338,11.222222222222221,2.2222222222222223,17,3,0.007321596145629883,25.0,6.0,25,6
9,0.4816124439239502,9.333333333333334,1.5555555555555556,14,2,0.006791114807128906,25.0,6.0,25,6
9,0.48245716094970703,11.222222222222221,2.2222222222222223,17,3,0.006824970245361328,25.0,6.0,25,6
9,0.48276638984680176,9.333333333333334,1.5555555555555556,14,2,0.00789189338684082,25.0,6.0,25,6
9,0.4821443557739258,11.222222222222221,2.2222222222222223,17,3,0.006833553314208984,25.0,6.0,25,6
9,0.5008511543273926,7.333333333333333,1.1111111111111112,10,2,0.006921529769897461,25.0,6.0,25,6
9,0.4828474521636963,11.222222222222221,2.2222222222222223,17,3,0.006834268569946289,22.0,5.0,22,5
9,0.4908590316772461,11.222222222222221,2.2222222222222223,17,3,0.007139444351196289,25.0,6.0,25,6
9,0.4890432357788086,11.222222222222221,2.2222222222222223,17,3,0.007656574249267578,25.0,6.0,25,6
9,0.5254735946655273,7.666666666666667,1.1111111111111112,10,2,0.006727933883666992,22.0,5.0,22,5
9,0.49186158180236816,7.333333333333333,1.1111111111111112,10,2,0.005831003189086914,22.0,5.0,22,5
9,0.4792144298553467,11.222222222222221,2.2222222222222223,17,3,0.007613420486450195,25.0,6.0,25,6
9,0.4858095645904541,9.333333333333334,1.5555555555555556,14,2,0.005848407745361328,19.0,4.0,19,4
9,0.48221707344055176,9.333333333333334,1.5555555555555556,14,2,0.006402730941772461,19.0,4.0,19,4
10,7.871630430221558,12.1,2.3,20,4,0.008074760437011719,26.0,6.0,26,6
10,7.803680181503296,13.5,2.8,21,4,0.008719205856323242,26.0,6.0,26,6
10,7.855560064315796,11.4,2.4,19,4,0.008375883102416992,26.0,6.0,26,6
10,7.927166700363159,11.9,2.3,20,4,0.009281396865844727,29.0,7.0,29,7
10,7.921365737915039,11.5,2.1,18,3,0.008347272872924805,26.0,6.0,26,6
10,7.9361252784729,12.5,2.1,19,3,0.007982730865478516,26.0,6.0,26,6
10,7.894593715667725,13.1,2.3,21,4,0.008941173553466797,26.0,6.0,26,6
10,7.8640100955963135,12.1,2.3,20,4,0.0073583126068115234,26.0,6.0,26,6
10,8.021013736724854,11.7,2.1,18,3,0.00803685188293457,26.0,6.0,26,6
10,7.850757360458374,13.9,3.0,23,5,0.008606910705566406,29.0,7.0,29,7
10,7.906833171844482,10.2,1.8,16,3,0.008142948150634766,26.0,6.0,26,6
10,8.0068998336792,11.9,2.3,20,4,0.008252143859863281,26.0,6.0,26,6
10,7.838578701019287,11.7,2.1,18,3,0.00857853889465332,26.0,6.0,26,6
10,7.979009389877319,13.5,2.8,21,4,0.007400035858154297,23.0,5.0,23,5
10,8.011733531951904,12.1,2.3,20,4,0.008588790893554688,29.0,7.0,29,7
10,7.900897264480591,9.4,1.6,14,2,0.00878143310546875,29.0,7.0,29,7
10,7.8686347007751465,11.7,2.1,18,3,0.007691144943237305,26.0,6.0,26,6
10,7.815081834793091,11.7,2.1,18,3,0.009058475494384766,29.0,7.0,29,7
10,8.091671705245972,10.0,1.8,16,3,0.008303165435791016,26.0,6.0,26,6
10,7.969984769821167,9.9,1.8,16,3,0.009470462799072266,29.0,7.0,29,7
10,7.9663474559783936,11.5,2.1,18,3,0.008671283721923828,26.0,6.0,26,6
10,8.008142709732056,11.5,2.1,18,3,0.00909113883972168,29.0,7.0,29,7
10,8.10677719116211,9.6,1.6,14,2,0.008487462997436523,29.0,7.0,29,7
10,8.027220249176025,9.9,1.8,16,3,0.00897359848022461,29.0,7.0,29,7
10,8.03291654586792,12.1,2.3,20,4,0.008257865905761719,26.0,6.0,26,6
10,8.00515604019165,13.9,3.0,23,5,0.009337425231933594,29.0,7.0,29,7
10,7.8700947761535645,12.1,2.3,20,4,0.008867979049682617,29.0,7.0,29,7
10,8.157638549804688,11.9,2.3,20,4,0.008858680725097656,26.0,6.0,26,6
10,8.004944086074829,12.1,2.3,20,4,0.007912635803222656,26.0,6.0,26,6
10,7.761724472045898,12.7,2.1,19,3,0.008888721466064453,29.0,7.0,29,7
10,7.843477964401245,11.9,2.3,20,4,0.008882522583007812,29.0,7.0,29,7
10,8.025901317596436,11.9,2.3,20,4,0.008575439453125,26.0,6.0,26,6
10,8.172038793563843,12.1,2.3,20,4,0.008595466613769531,26.0,6.0,26,6
10,8.061035394668579,12.1,2.3,20,4,0.008027076721191406,26.0,6.0,26,6
10,7.953319787979126,14.4,2.8,22,4,0.009002447128295898,29.0,7.0,29,7
10,7.785277843475342,11.9,2.3,20,4,0.008298158645629883,26.0,6.0,26,6
10,7.94988751411438,10.5,1.8,16,3,0.009106874465942383,29.0,7.0,29,7
10,7.753237724304199,13.5,2.8,21,4,0.008241415023803711,29.0,7.0,29,7
10,7.839175701141357,12.5,2.1,19,3,0.0077397823333740234,26.0,6.0,26,6
10,7.761667490005493,9.8,1.6,14,2,0.008350610733032227,26.0,6.0,26,6
10,7.745818614959717,10.5,1.8,16,3,0.009321928024291992,29.0,7.0,29,7
10,7.800149440765381,12.1,2.3,20,4,0.00782632827758789,29.0,7.0,29,7
10,7.936553955078125,12.1,2.3,20,4,0.008212566375732422,26.0,6.0,26,6
10,7.761344909667969,11.9,2.3,20,4,0.009126663208007812,29.0,7.0,29,7
10,7.88400673866272,14.8,3.0,24,5,0.007514238357543945,23.0,5.0,23,5
10,7.905761480331421,9.8,1.8,16,3,0.008037328720092773,26.0,6.0,26,6
10,7.896384954452515,11.4,2.4,19,4,0.008538961410522461,26.0,6.0,26,6
10,7.769079923629761,12.1,2.3,20,4,0.00872659683227539,26.0,6.0,26,6
10,7.9204535484313965,11.8,2.4,19,4,0.008223533630371094,26.0,6.0,26,6
10,7.776890277862549,13.5,2.8,21,4,0.00783681869506836,26.0,6.0,26,6
11,16.041208028793335,10.363636363636363,1.9090909090909092,16,3,0.007840156555175781,23.0,5.0,23,5
11,15.795258045196533,13.090909090909092,2.4545454545454546,20,4,0.008271932601928711,29.0,7.0,29,7
11,15.903147220611572,14.909090909090908,2.909090909090909,22,4,0.008547544479370117,26.0,6.0,26,6
11,15.877084255218506,12.545454545454545,2.5454545454545454,19,4,0.008121013641357422,26.0,6.0,26,6
11,16.021869659423828,12.909090909090908,2.4545454545454546,20,4,0.01029205322265625,31.0,7.0,31,7
11,16.054229021072388,15.0,3.1818181818181817,23,5,0.009683370590209961,29.0,7.0,29,7
11,15.806561946868896,13.272727272727273,2.4545454545454546,20,4,0.009733200073242188,29.0,7.0,29,7
11,15.812547445297241,10.545454545454545,1.7272727272727273,14,2,0.008795738220214844,26.0,6.0,26,6
11,15.896634340286255,12.909090909090908,2.4545454545454546,20,4,0.010172843933105469,31.0,7.0,31,7
11,16.07927680015564,12.545454545454545,2.272727272727273,18,3,0.008046865463256836,26.0,6.0,26,6
11,15.81651782989502,10.636363636363637,1.9090909090909092,16,3,0.010958433151245117,34.0,8.0,34,8
11,15.867992401123047,12.727272727272727,2.4545454545454546,20,4,0.011464118957519531,34.0,8.0,34,8
11,16.200290203094482,11.818181818181818,2.272727272727273,17,3,0.008501529693603516,26.0,6.0,26,6
11,15.961789846420288,14.636363636363637,3.0,21,4,0.008060932159423828,26.0,6.0,26,6
11,16.040339469909668,12.727272727272727,2.5454545454545454,19,4,0.010869503021240234,34.0,8.0,34,8
11,16.00882625579834,12.363636363636363,2.272727272727273,18,3,0.009502172470092773,29.0,7.0,29,7
11,15.81154727935791,12.363636363636363,2.1818181818181817,18,3,0.007680416107177734,26.0,6.0,26,6
11,15.802781820297241,13.090909090909092,2.4545454545454546,20,4,0.008904457092285156,26.0,6.0,26,6
11,15.86829161643982,16.181818181818183,3.090909090909091,25,5,0.0077381134033203125,26.0,6.0,26,6
11,15.846886157989502,10.727272727272727,1.9090909090909092,16,3,0.009026765823364258,26.0,6.0,26,6
11,16.183470964431763,12.363636363636363,2.272727272727273,18,3,0.0074503421783447266,23.0,5.0,23,5
11,15.941838264465332,10.909090909090908,1.7272727272727273,14,2,0.010100364685058594,34.0,8.0,34,8
11,16.052592515945435,10.454545454545455,1.9090909090909092,16,3,0.01052236557006836,31.0,7.0,31,7
11,15.817076206207275,12.545454545454545,2.272727272727273,18,3,0.008211851119995117,26.0,6.0,26,6
11,16.148229360580444,10.0,1.7272727272727273,14,2,0.008654117584228516,29.0,7.0,29,7
11,16.154159545898438,12.545454545454545,2.272727272727273,18,3,0.009787321090698242,29.0,7.0,29,7
11,15.871565818786621,15.0,3.1818181818181817,23,5,0.008479595184326172,29.0,7.0,29,7
11,16.092203378677368,12.545454545454545,2.272727272727273,18,3,0.00827169418334961,29.0,7.0,29,7
11,16.12195634841919,14.636363636363637,3.0,21,4,0.011072635650634766,34.0,8.0,34,8
11,16.118715524673462,10.181818181818182,1.7272727272727273,14,2,0.008779048919677734,29.0,7.0,29,7
11,15.814855098724365,14.636363636363637,3.090909090909091,23,5,0.011250972747802734,34.0,8.0,34,8
11,15.776208639144897,14.818181818181818,2.3636363636363638,20,3,0.00858163833618164,29.0,7.0,29,7
11,15.929343461990356,12.727272727272727,2.4545454545454546,20,4,0.008992433547973633,29.0,7.0,29,7
11,16.20786762237549,15.0,3.1818181818181817,23,5,0.010783672332763672,34.0,8.0,34,8
11,16.116200923919678,10.909090909090908,1.7272727272727273,14,2,0.00899648666381836,29.0,7.0,29,7
11,15.868799209594727,12.727272727272727,2.272727272727273,18,3,0.010384798049926758,34.0,8.0,34,8
11,16.16152572631836,10.909090909090908,1.8181818181818181,16,3,0.008872032165527344,29.0,7.0,29,7
11,16.07729721069336,13.090909090909092,2.4545454545454546,20,4,0.009003162384033203,28.0,6.0,28,6
11,16.08624792098999,12.909090909090908,2.4545454545454546,20,4,0.009050130844116211,28.0,6.0,28,6
11,16.222347497940063,13.090909090909092,2.4545454545454546,20,4,0.010236024856567383,31.0,7.0,31,7
11,16.002721786499023,12.727272727272727,2.5454545454545454,19,4,0.008733987808227539,29.0,7.0,29,7
11,15.96176815032959,12.545454545454545,2.272727272727273,18,3,0.008131742477416992,26.0,6.0,26,6
11,15.74629545211792,13.363636363636363,2.3636363636363638,21,4,0.008541345596313477,29.0,7.0,29,7
11,15.863196611404419,12.545454545454545,2.272727272727273,18,3,0.0106658935546875,34.0,8.0,34,8
11,16.02870225906372,13.090909090909092,2.4545454545454546,20,4,0.008945226669311523,26.0,6.0,26,6
11,15.753345251083374,10.090909090909092,1.7272727272727273,14,2,0.008430957794189453,29.0,7.0,29,7
11,15.79492974281311,12.545454545454545,2.272727272727273,18,3,0.008739709854125977,26.0,6.0,26,6
11,16.090401649475098,13.545454545454545,2.272727272727273,19,3,0.010756254196166992,31.0,7.0,31,7
11,16.699601650238037,13.090909090909092,2.4545454545454546,20,4,0.010883092880249023,31.0,7.0,31,7
11,17.943678379058838,12.545454545454545,2.5454545454545454,19,4,0.00973653793334961,26.0,6.0,26,6
12,18.245764017105103,12.0,2.0833333333333335,17,3,0.01146078109741211,35.0,8.0,35,8
12,18.067588806152344,11.5,2.0,16,3,0.012320518493652344,34.0,7.0,34,7
12,18.815580368041992,12.666666666666666,2.5,19,4,0.011193037033081055,35.0,8.0,35,8
12,19.016104221343994,10.833333333333334,2.0,16,3,0.011455297470092773,35.0,8.0,35,8
12,18.137567043304443,13.583333333333334,2.5,20,4,0.011112689971923828,35.0,8.0,35,8
12,18.150826692581177,13.583333333333334,2.5,20,4,0.012944698333740234,37.0,8.0,37,8
12,18.172041177749634,10.666666666666666,1.8333333333333333,14,2,0.013111114501953125,40.0,9.0,40,9
12,17.91858959197998,14.833333333333334,2.8333333333333335,22,4,0.012421369552612305,37.0,8.0,37,8
12,18.182268381118774,11.5,1.9166666666666667,17,3,0.011451005935668945,35.0,8.0,35,8
12,20.028515577316284,11.166666666666666,2.0,16,3,0.011914253234863281,35.0,8.0,35,8
12,17.97257709503174,13.583333333333334,2.5,20,4,0.010728120803833008,32.0,7.0,32,7
12,18.281917810440063,11.833333333333334,1.9166666666666667,18,3,0.013191938400268555,34.0,7.0,34,7
12,18.07573103904724,15.416666666666666,2.9166666666666665,22,4,0.010896682739257812,32.0,7.0,32,7
12,18.932188272476196,15.416666666666666,2.9166666666666665,22,4,0.010007143020629883,29.0,6.0,29,6
12,18.157267808914185,11.166666666666666,2.0,16,3,0.010042667388916016,29.0,6.0,29,6
12,18.089003086090088,12.833333333333334,2.3333333333333335,18,3,0.011427164077758789,35.0,8.0,35,8
12,17.99787926673889,19.5,3.5833333333333335,28,5,0.01154780387878418,32.0,7.0,32,7
12,18.12178087234497,13.25,2.3333333333333335,18,3,0.013803482055664062,40.0,9.0,40,9
12,20.559991359710693,13.083333333333334,2.3333333333333335,18,3,0.011068582534790039,32.0,7.0,32,7
12,18.95155692100525,12.833333333333334,2.5,19,4,0.010517597198486328,32.0,7.0,32,7
12,18.058533906936646,11.5,2.0833333333333335,16,3,0.01146078109741211,35.0,8.0,35,8
12,19.005573511123657,12.0,1.9166666666666667,18,3,0.013115644454956055,40.0,9.0,40,9
12,18.82669711112976,14.916666666666666,3.0833333333333335,23,5,0.010862350463867188,35.0,8.0,35,8
12,18.220666646957397,12.333333333333334,2.3333333333333335,17,3,0.011977910995483398,35.0,8.0,35,8
12,18.88999629020691,14.916666666666666,3.0833333333333335,23,5,0.011663198471069336,35.0,8.0,35,8
12,18.885858297348022,13.333333333333334,2.5,20,4,0.011667966842651367,34.0,7.0,34,7
12,18.201409816741943,13.25,2.3333333333333335,18,3,0.011569976806640625,35.0,8.0,35,8
12,19.940462112426758,13.083333333333334,2.3333333333333335,18,3,0.011867046356201172,32.0,7.0,32,7
12,18.942992448806763,14.416666666666666,2.9166666666666665,21,4,0.012135505676269531,32.0,7.0,32,7
12,18.84397554397583,13.583333333333334,2.5,20,4,0.010786771774291992,35.0,8.0,35,8
12,18.90996241569519,13.25,2.3333333333333335,18,3,0.01128387451171875,32.0,7.0,32,7
12,18.10450053215027,14.833333333333334,2.8333333333333335,22,4,0.011420965194702148,35.0,8.0,35,8
12,17.98333764076233,14.75,3.0833333333333335,23,5,0.011533975601196289,35.0,8.0,35,8
12,18.949575901031494,14.583333333333334,2.9166666666666665,21,4,0.012076854705810547,35.0,8.0,35,8
12,18.979676246643066,12.833333333333334,2.3333333333333335,18,3,0.011807441711425781,35.0,8.0,35,8
12,18.029135704040527,13.0,2.3333333333333335,18,3,0.01190185546875,35.0,8.0,35,8
12,20.138092041015625,12.666666666666666,2.5,19,4,0.017139673233032227,40.0,9.0,40,9
12,18.442304849624634,13.0,2.3333333333333335,18,3,0.010464191436767578,29.0,6.0,29,6
12,18.254202604293823,14.416666666666666,2.9166666666666665,21,4,0.009853124618530273,29.0,6.0,29,6
12,18.81018829345703,12.833333333333334,2.3333333333333335,18,3,0.00978851318359375,32.0,7.0,32,7
12,18.890037298202515,14.583333333333334,2.9166666666666665,21,4,0.01060175895690918,32.0,7.0,32,7
12,18.06608819961548,13.583333333333334,2.5,20,4,0.010877847671508789,32.0,7.0,32,7
12,18.08037257194519,20.666666666666668,3.5833333333333335,29,5,0.011757373809814453,35.0,8.0,35,8
12,19.0384259223938,19.666666666666668,3.5833333333333335,28,5,0.010721683502197266,32.0,7.0,32,7
12,18.249006271362305,11.5,2.0,16,3,0.011593103408813477,35.0,8.0,35,8
12,18.66432237625122,13.416666666666666,2.3333333333333335,18,3,0.011744022369384766,35.0,8.0,35,8
12,19.598047971725464,12.833333333333334,2.3333333333333335,18,3,0.011210203170776367,35.0,8.0,35,8
12,18.724849939346313,13.333333333333334,2.5,20,4,0.011451959609985352,29.0,6.0,29,6
12,17.851946353912354,12.833333333333334,2.3333333333333335,18,3,0.010845422744750977,35.0,8.0,35,8
12,18.79182505607605,13.833333333333334,2.3333333333333335,19,3,0.011539936065673828,35.0,8.0,35,8
13,21.31146550178528,11.615384615384615,2.1538461538461537,16,3,0.01025080680847168,29.0,6.0,29,6
13,21.279937267303467,14.384615384615385,2.923076923076923,21,4,0.012144088745117188,35.0,8.0,35,8
13,22.309008359909058,12.384615384615385,2.1538461538461537,18,3,0.011730670928955078,32.0,7.0,32,7
13,21.23877716064453,12.538461538461538,2.230769230769231,18,3,0.011103153228759766,29.0,6.0,29,6
13,24.077990531921387,12.923076923076923,2.5384615384615383,19,4,0.011084794998168945,29.0,6.0,29,6
13,21.047754049301147,14.692307692307692,3.076923076923077,23,5,0.012052536010742188,35.0,8.0,35,8
13,22.364150285720825,13.538461538461538,2.6153846153846154,20,4,0.012923002243041992,37.0,8.0,37,8
13,22.432697772979736,13.538461538461538,2.6153846153846154,20,4,0.012395381927490234,35.0,8.0,35,8
13,22.322492837905884,14.846153846153847,3.076923076923077,23,5,0.011563777923583984,32.0,7.0,32,7
13,21.266051530838013,13.0,2.3846153846153846,20,4,0.012031316757202148,35.0,8.0,35,8
13,22.455900192260742,13.538461538461538,2.6153846153846154,20,4,0.012446165084838867,35.0,8.0,35,8
13,21.254124641418457,12.692307692307692,2.230769230769231,18,3,0.012073040008544922,35.0,8.0,35,8
13,24.103495359420776,12.0,2.3076923076923075,18,4,0.011905670166015625,32.0,7.0,32,7
13,21.310647010803223,19.384615384615383,3.5384615384615383,28,5,0.012270689010620117,35.0,8.0,35,8
13,21.22760009765625,12.307692307692308,2.4615384615384617,19,4,0.012117862701416016,35.0,8.0,35,8
13,22.356555223464966,11.0,1.9230769230769231,16,3,0.011897087097167969,35.0,8.0,35,8
13,21.090320348739624,12.076923076923077,2.1538461538461537,19,4,0.012151479721069336,35.0,8.0,35,8
13,21.40848422050476,13.0,2.3846153846153846,20,4,0.01215815544128418,35.0,8.0,35,8
13,21.26085329055786,13.23076923076923,2.4615384615384617,18,3,0.011675834655761719,32.0,7.0,32,7
13,21.276355981826782,10.923076923076923,1.9230769230769231,16,3,0.010384559631347656,29.0,6.0,29,6
13,23.07989764213562,13.384615384615385,2.4615384615384617,18,3,0.01527261734008789,40.0,9.0,40,9
13,22.322875261306763,11.23076923076923,2.0,16,3,0.012651205062866211,35.0,8.0,35,8
13,21.124557733535767,13.0,2.3846153846153846,20,4,0.012315034866333008,35.0,8.0,35,8
13,21.346818208694458,13.0,2.3846153846153846,20,4,0.011253833770751953,32.0,7.0,32,7
13,22.212056159973145,12.615384615384615,2.4615384615384617,19,4,0.012333393096923828,35.0,8.0,35,8
13,21.112403869628906,13.0,2.3846153846153846,20,4,0.010379791259765625,32.0,7.0,32,7
13,21.229483604431152,12.692307692307692,2.230769230769231,18,3,0.013481378555297852,35.0,8.0,35,8
13,22.308776378631592,14.846153846153847,3.076923076923077,23,5,0.01140737533569336,35.0,8.0,35,8
13,23.08028817176819,12.692307692307692,2.3076923076923075,20,4,0.011859655380249023,32.0,7.0,32,7
13,21.440277338027954,12.538461538461538,2.230769230769231,18,3,0.012488603591918945,35.0,8.0,35,8
13,22.367465496063232,12.538461538461538,2.230769230769231,18,3,0.011613845825195312,32.0,7.0,32,7
13,22.31456422805786,14.846153846153847,3.076923076923077,23,5,0.015245199203491211,40.0,9.0,40,9
13,21.300821781158447,12.538461538461538,2.230769230769231,18,3,0.012184858322143555,35.0,8.0,35,8
13,22.327580451965332,14.538461538461538,3.0,23,5,0.012104272842407227,35.0,8.0,35,8
13,21.224112510681152,11.615384615384615,2.1538461538461537,16,3,0.015050649642944336,40.0,9.0,40,9
13,21.131971836090088,13.692307692307692,2.6153846153846154,20,4,0.011806249618530273,35.0,8.0,35,8
13,23.154112339019775,11.461538461538462,2.1538461538461537,16,3,0.012568950653076172,35.0,8.0,35,8
13,21.49420928955078,13.23076923076923,2.4615384615384617,18,3,0.01085805892944336,29.0,6.0,29,6
13,21.317848920822144,13.0,2.3846153846153846,20,4,0.011550188064575195,32.0,7.0,32,7
13,21.262181520462036,12.76923076923077,2.5384615384615383,19,4,0.011957645416259766,32.0,7.0,32,7
13,21.31580424308777,14.846153846153847,3.076923076923077,23,5,0.014249086380004883,40.0,9.0,40,9
13,22.291778326034546,19.384615384615383,3.5384615384615383,28,5,0.012115716934204102,35.0,8.0,35,8
13,22.369063138961792,11.461538461538462,2.076923076923077,16,3,0.010608673095703125,29.0,6.0,29,6
13,21.2869131565094,12.153846153846153,2.3076923076923075,18,4,0.011461019515991211,32.0,7.0,32,7
13,24.13884925842285,11.23076923076923,2.0,16,3,0.012212753295898438,35.0,8.0,35,8
13,21.330585956573486,11.615384615384615,2.1538461538461537,16,3,0.011841297149658203,32.0,7.0,32,7
13,22.215556621551514,12.692307692307692,2.230769230769231,18,3,0.011251211166381836,32.0,7.0,32,7
13,21.34309983253479,14.846153846153847,2.6153846153846154,23,4,0.012589454650878906,35.0,8.0,35,8
13,21.53960084915161,20.384615384615383,3.5384615384615383,29,5,0.013861417770385742,40.0,9.0,40,9
13,21.286438703536987,11.615384615384615,2.1538461538461537,16,3,0.012195587158203125,35.0,8.0,35,8
14,28.475446224212646,16.071428571428573,3.0714285714285716,25,5,0.012665987014770508,35.0,8.0,35,8
14,29.281043529510498,20.785714285714285,3.7142857142857144,31,6,0.016211986541748047,35.0,8.0,35,8
14,27.906758069992065,11.642857142857142,2.2142857142857144,17,4,0.013192415237426758,35.0,8.0,35,8
14,27.37533664703369,15.0,3.142857142857143,23,5,0.013243675231933594,35.0,8.0,35,8
14,27.264363288879395,12.214285714285714,2.357142857142857,17,4,0.011709213256835938,32.0,7.0,32,7
14,27.151289463043213,11.928571428571429,2.357142857142857,17,4,0.01199483871459961,32.0,7.0,32,7
14,27.17738389968872,13.785714285714286,2.642857142857143,18,4,0.012988805770874023,35.0,8.0,35,8
14,28.3438458442688,11.928571428571429,2.357142857142857,17,4,0.014040470123291016,37.0,8.0,37,8
14,29.920156717300415,13.928571428571429,2.642857142857143,18,4,0.01291656494140625,38.0,9.0,38,9
14,27.297539710998535,14.357142857142858,2.7857142857142856,20,4,0.012860298156738281,35.0,8.0,35,8
14,28.411638498306274,15.928571428571429,3.142857142857143,24,5,0.01401376724243164,38.0,9.0,38,9
14,26.98477077484131,11.785714285714286,2.2142857142857144,17,4,0.014818191528320312,37.0,8.0,37,8
14,28.14217448234558,12.642857142857142,2.5,17,3,0.013744831085205078,38.0,9.0,38,9
14,28.432466983795166,11.142857142857142,2.0,16,3,0.014628887176513672,40.0,9.0,40,9
14,30.238186836242676,13.071428571428571,2.642857142857143,19,4,0.013451337814331055,35.0,8.0,35,8
14,27.091816186904907,13.0,2.4285714285714284,22,5,0.01285552978515625,35.0,8.0,35,8
14,27.285343170166016,11.785714285714286,2.2142857142857144,17,4,0.012192010879516602,35.0,8.0,35,8
14,27.127828359603882,11.928571428571429,2.357142857142857,17,4,0.014528751373291016,40.0,9.0,40,9
14,28.356982469558716,12.5,2.2857142857142856,18,3,0.01576375961303711,40.0,9.0,40,9
14,27.391445636749268,12.214285714285714,2.2142857142857144,20,4,0.015850543975830078,43.0,10.0,43,10
14,29.429327487945557,13.928571428571429,2.642857142857143,18,4,0.016305923461914062,35.0,8.0,35,8
14,27.818472385406494,11.785714285714286,2.0714285714285716,18,3,0.013605356216430664,38.0,9.0,38,9
14,27.219831228256226,14.714285714285714,3.0714285714285716,23,5,0.01420140266418457,38.0,9.0,38,9
14,28.398208141326904,10.928571428571429,1.9285714285714286,16,3,0.014008522033691406,38.0,9.0,38,9
14,27.136908769607544,15.928571428571429,3.142857142857143,24,5,0.01400613784790039,38.0,9.0,38,9
14,27.1167573928833,13.428571428571429,2.5714285714285716,22,5,0.01374959945678711,37.0,8.0,37,8
14,27.232725143432617,12.785714285714286,2.5714285714285716,19,4,0.014032840728759766,40.0,9.0,40,9
14,28.90290641784668,12.214285714285714,2.2142857142857144,20,4,0.01385951042175293,35.0,8.0,35,8
14,28.531301736831665,15.0,3.142857142857143,23,5,0.013073921203613281,38.0,9.0,38,9
14,27.258605003356934,11.714285714285714,2.0714285714285716,17,3,0.013872623443603516,38.0,9.0,38,9
14,26.980695009231567,13.928571428571429,2.642857142857143,18,4,0.012619733810424805,35.0,8.0,35,8
14,27.03981065750122,12.214285714285714,2.2142857142857144,20,4,0.01278543472290039,35.0,8.0,35,8
14,28.325004816055298,11.214285714285714,1.9285714285714286,17,3,0.011568784713745117,32.0,7.0,32,7
14,29.076160430908203,11.214285714285714,1.9285714285714286,17,3,0.01415872573852539,38.0,9.0,38,9
14,28.38654899597168,12.5,2.5,17,3,0.013884305953979492,38.0,9.0,38,9
14,28.346089839935303,13.785714285714286,2.642857142857143,18,4,0.013724327087402344,38.0,9.0,38,9
14,27.30316662788391,11.785714285714286,2.2142857142857144,17,4,0.013188600540161133,35.0,8.0,35,8
14,28.701740741729736,10.928571428571429,1.9285714285714286,16,3,0.01290583610534668,35.0,8.0,35,8
14,28.437443017959595,11.928571428571429,2.142857142857143,20,4,0.012484312057495117,35.0,8.0,35,8
14,27.933940649032593,12.928571428571429,2.642857142857143,19,4,0.020529985427856445,43.0,10.0,43,10
14,29.001451015472412,14.785714285714286,2.642857142857143,23,4,0.012458086013793945,35.0,8.0,35,8
14,27.097683668136597,12.642857142857142,2.2857142857142856,18,3,0.013684749603271484,35.0,8.0,35,8
14,28.500813484191895,15.0,3.142857142857143,23,5,0.01339578628540039,38.0,9.0,38,9
14,28.353651762008667,11.928571428571429,2.357142857142857,17,4,0.016379594802856445,43.0,10.0,43,10
14,27.325390338897705,15.0,3.142857142857143,23,5,0.01286005973815918,35.0,8.0,35,8
14,28.41426372528076,15.0,3.142857142857143,23,5,0.014307498931884766,38.0,9.0,38,9
14,29.982135772705078,11.785714285714286,2.0714285714285716,18,3,0.01368093490600586,38.0,9.0,38,9
14,27.093177318572998,11.214285714285714,2.0714285714285716,16,3,0.012513875961303711,35.0,8.0,35,8
14,27.190286874771118,14.214285714285714,2.7857142857142856,20,4,0.012348175048828125,35.0,8.0,35,8
14,27.261420011520386,13.0,2.4285714285714284,22,5,0.013658523559570312,38.0,9.0,38,9
15,43.29987335205078,15.733333333333333,3.4,21,5,0.013750553131103516,37.0,9.0,37,9
15,45.21637487411499,14.0,3.4,21,5,0.013558149337768555,34.0,8.0,34,8
15,43.3817503452301,12.8,2.933333333333333,19,5,0.01440572738647461,40.0,10.0,40,10
15,45.185771465301514,13.466666666666667,3.0,22,5,0.014624834060668945,40.0,10.0,40,10
15,45.05681014060974,13.8,2.8666666666666667,23,6,0.014757633209228516,40.0,10.0,40,10
15,46.799540758132935,13.6,3.066666666666667,20,4,0.014268159866333008,37.0,9.0,37,9
15,43.43920850753784,15.933333333333334,3.8666666666666667,25,6,0.012729406356811523,34.0,8.0,34,8
15,45.041344165802,12.666666666666666,2.8666666666666667,19,4,0.013651132583618164,37.0,9.0,37,9
15,43.72736191749573,13.133333333333333,2.8666666666666667,19,4,0.01714301109313965,45.0,11.0,45,11
15,46.82335901260376,15.533333333333333,3.7333333333333334,23,5,0.015012979507446289,42.0,10.0,42,10
15,45.222198486328125,14.0,3.2666666666666666,19,4,0.014960050582885742,39.0,9.0,39,9
15,45.01001811027527,11.8,2.2,20,4,0.012671470642089844,34.0,8.0,34,8
15,43.258180379867554,13.6,3.066666666666667,20,4,0.012860774993896484,37.0,9.0,37,9
15,46.979620695114136,14.8,3.4,20,5,0.012904882431030273,34.0,8.0,34,8
15,43.43933081626892,11.933333333333334,2.7333333333333334,18,4,0.014235973358154297,37.0,9.0,37,9
15,45.15324521064758,13.6,3.2,19,4,0.013948440551757812,37.0,9.0,37,9
15,43.14436936378479,15.733333333333333,3.4,25,5,0.01289820671081543,34.0,8.0,34,8
15,47.76471781730652,16.8,3.8666666666666667,26,6,0.014492273330688477,40.0,10.0,40,10
15,45.3246169090271,12.2,2.8,18,4,0.013662338256835938,34.0,8.0,34,8
15,46.81088399887085,14.0,3.2666666666666666,19,4,0.015444517135620117,39.0,9.0,39,9
15,45.02583074569702,12.4,2.8666666666666667,18,4,0.014884233474731445,40.0,10.0,40,10
15,46.6557822227478,17.8,3.7333333333333334,24,5,0.015305042266845703,40.0,10.0,40,10
15,43.17535853385925,13.333333333333334,3.0,22,5,0.01479792594909668,40.0,10.0,40,10
15,42.91951656341553,17.0,3.8666666666666667,24,5,0.012456417083740234,34.0,8.0,34,8
15,43.595218658447266,16.0,3.533333333333333,23,5,0.01508784294128418,40.0,10.0,40,10
15,45.12509202957153,16.0,3.533333333333333,27,6,0.015320539474487305,40.0,10.0,40,10
15,43.32098865509033,16.2,3.7333333333333334,24,5,0.013155221939086914,37.0,9.0,37,9
15,43.21553158760071,14.8,2.7333333333333334,23,4,0.014734745025634766,40.0,10.0,40,10
15,43.77021908760071,16.333333333333332,3.533333333333333,24,5,0.016024351119995117,42.0,10.0,42,10
15,47.09910559654236,17.0,3.8666666666666667,24,5,0.014167547225952148,37.0,9.0,37,9
15,45.28562569618225,13.333333333333334,3.0,22,5,0.01381230354309082,40.0,10.0,40,10
15,43.21756911277771,13.6,3.066666666666667,20,4,0.013679265975952148,40.0,10.0,40,10
15,43.678298234939575,13.2,3.1333333333333333,19,5,0.015042543411254883,40.0,10.0,40,10
15,45.23667573928833,14.0,3.2666666666666666,19,4,0.014719247817993164,40.0,10.0,40,10
15,45.195892572402954,14.933333333333334,3.1333333333333333,21,4,0.016622304916381836,45.0,11.0,45,11
15,43.4285249710083,13.733333333333333,3.3333333333333335,21,5,0.011870861053466797,31.0,7.0,31,7
15,43.03243374824524,13.133333333333333,3.0,22,5,0.013982057571411133,36.0,8.0,36,8
15,44.093547105789185,12.4,2.8666666666666667,18,4,0.018681049346923828,40.0,10.0,40,10
15,45.82477569580078,16.6,3.6,23,5,0.014891624450683594,37.0,9.0,37,9
15,45.11887836456299,15.666666666666666,3.7333333333333334,23,5,0.014636039733886719,40.0,10.0,40,10
15,43.68623685836792,13.6,3.066666666666667,20,4,0.014452934265136719,40.0,10.0,40,10
15,43.35481905937195,14.8,3.4,20,5,0.020979881286621094,40.0,10.0,40,10
15,44.699962854385376,19.4,3.6666666666666665,28,5,0.014868021011352539,40.0,10.0,40,10
15,43.20188808441162,15.933333333333334,3.8666666666666667,25,6,0.014487981796264648,40.0,10.0,40,10
15,43.01482057571411,14.733333333333333,3.0,20,5,0.014593124389648438,37.0,9.0,37,9
15,43.54437518119812,12.933333333333334,2.8666666666666667,20,4,0.013956069946289062,37.0,9.0,37,9
15,44.96928119659424,14.0,3.2,22,5,0.014253854751586914,37.0,9.0,37,9
15,43.4768271446228,12.4,2.8666666666666667,18,4,0.014360666275024414,40.0,10.0,40,10
15,45.24259853363037,16.8,3.8666666666666667,26,6,0.011929750442504883,31.0,7.0,31,7
15,43.04757261276245,15.666666666666666,3.7333333333333334,23,5,0.015129566192626953,40.0,10.0,40,10
16,45.905643463134766,13.6875,3.125,22,5,0.0166018009185791,42.0,10.0,42,10
16,44.3846914768219,15.3125,3.5625,24,5,0.017586946487426758,42.0,10.0,42,10
16,46.5287070274353,15.375,3.75,25,6,0.015925168991088867,40.0,10.0,40,10
16,46.77565312385559,15.1875,3.3125,21,5,0.013784170150756836,34.0,8.0,34,8
16,46.57211422920227,14.3125,3.3125,20,5,0.014278411865234375,37.0,9.0,37,9
16,46.16848683357239,13.6875,3.3125,21,5,0.01534271240234375,40.0,10.0,40,10
16,46.27142143249512,15.375,3.75,25,6,0.015489339828491211,40.0,10.0,40,10
16,44.52803874015808,16.1875,3.75,26,6,0.014224767684936523,40.0,10.0,40,10
16,46.01269221305847,15.1875,3.3125,25,5,0.015435934066772461,42.0,10.0,42,10
16,44.69240641593933,15.375,3.75,25,6,0.014903545379638672,39.0,9.0,39,9
16,46.24940896034241,12.5625,2.8125,20,4,0.014353036880493164,37.0,9.0,37,9
16,44.34702658653259,12.8125,3.0625,19,5,0.013132333755493164,34.0,8.0,34,8
16,46.23953580856323,16.5,3.75,28,7,0.015458822250366211,39.0,9.0,39,9
16,46.62878942489624,13.25,2.75,21,4,0.0177459716796875,45.0,11.0,45,11
16,46.00679612159729,16.1875,3.75,26,6,0.013582944869995117,37.0,9.0,37,9
16,47.593889474868774,15.1875,3.3125,25,5,0.025187969207763672,42.0,10.0,42,10
16,44.521730184555054,12.5625,2.5,20,4,0.014262676239013672,40.0,10.0,40,10
16,44.277353048324585,12.3125,2.75,20,4,0.015134572982788086,39.0,9.0,39,9
16,44.16851830482483,12.9375,3.0625,19,5,0.013942480087280273,37.0,9.0,37,9
16,44.817842960357666,13.6875,3.3125,21,5,0.02043938636779785,37.0,9.0,37,9
16,47.050213098526,15.4375,3.4375,27,6,0.014114618301391602,37.0,9.0,37,9
16,46.33550190925598,12.0,2.75,18,4,0.015326738357543945,40.0,10.0,40,10
16,46.886884450912476,11.0625,2.0625,17,3,0.01517176628112793,40.0,10.0,40,10
16,48.11279654502869,12.0625,2.8125,18,4,0.017466306686401367,45.0,11.0,45,11
16,46.6367826461792,11.8125,2.75,18,4,0.014257192611694336,37.0,9.0,37,9
16,46.99235677719116,15.25,3.75,25,6,0.020568370819091797,45.0,11.0,45,11
16,46.67000079154968,11.625,2.625,16,3,0.01589798927307129,40.0,10.0,40,10
16,46.12609267234802,13.4375,3.25,21,5,0.014263629913330078,37.0,9.0,37,9
16,46.14169144630432,14.0625,3.0,21,4,0.014988899230957031,40.0,10.0,40,10
16,44.367592573165894,12.75,2.8125,19,4,0.015051126480102539,40.0,10.0,40,10
16,46.614205837249756,16.0,3.5,23,5,0.015349149703979492,40.0,10.0,40,10
16,48.195820331573486,12.0625,2.8125,18,4,0.01595306396484375,39.0,9.0,39,9
16,46.79536724090576,13.5625,3.3125,21,5,0.015076875686645508,40.0,10.0,40,10
16,46.57466912269592,14.4375,3.3125,20,5,0.01439809799194336,37.0,9.0,37,9
16,46.29290294647217,12.875,2.9375,19,4,0.01597142219543457,42.0,10.0,42,10
16,48.113189935684204,13.5,3.25,23,6,0.01577925682067871,40.0,10.0,40,10
16,44.38208365440369,15.125,3.625,23,5,0.015393972396850586,40.0,10.0,40,10
16,46.296167612075806,12.6875,2.8125,20,4,0.013091564178466797,34.0,8.0,34,8
16,45.93978261947632,15.0625,3.3125,25,5,0.01420736312866211,37.0,9.0,37,9
16,46.70264410972595,12.6875,2.8125,20,4,0.018815279006958008,45.0,11.0,45,11
16,44.688385009765625,15.125,3.625,23,5,0.01589679718017578,39.0,9.0,39,9
16,44.467026710510254,13.6875,3.3125,21,5,0.014940023422241211,40.0,10.0,40,10
16,44.343239068984985,13.6875,3.3125,21,5,0.015382051467895508,40.0,10.0,40,10
16,46.2852737903595,14.3125,3.3125,20,5,0.01538395881652832,40.0,10.0,40,10
16,46.27114677429199,13.5625,3.25,21,5,0.013347864151000977,37.0,9.0,37,9
16,44.25553822517395,16.1875,3.75,26,6,0.012722253799438477,34.0,8.0,34,8
16,44.58610486984253,15.0,3.625,23,5,0.013739585876464844,36.0,8.0,36,8
16,46.14481234550476,13.5625,3.3125,21,5,0.014941692352294922,37.0,9.0,37,9
16,46.07926869392395,14.1875,3.25,20,5,0.01703023910522461,42.0,10.0,42,10
16,46.7043821811676,15.375,3.75,25,6,0.01607537269592285,40.0,10.0,40,10
